,사고번호,사고일시,요일,시군구,사고내용,사망자수,중상자수,경상자수,부상신고자수,사고유형,법규위반,노면상태,기상상태,도로형태,가해운전자 차종,가해운전자 성별,가해운전자 연령,가해운전자 상해정도,피해운전자 차종,피해운전자 성별,피해운전자 연령,피해운전자 상해정도
3447,2020040400100126,2020년 4월 4일 09시,토요일,대전광역시 대덕구 덕암동,중상사고,0,1,0,0,차대사람 - 기타,기타,포장 - 건조,맑음,기타 - 기타,승용,남,59세,상해없음,보행자,여,62세,중상
3448,2020040400100385,2020년 4월 4일 16시,토요일,대전광역시 중구 유천동,부상신고사고,0,0,0,1,차대사람 - 기타,안전운전불이행,포장 - 건조,맑음,단일로 - 기타,승용,남,57세,상해없음,보행자,남,28세,부상신고
3449,2020040400100465,2020년 4월 4일 18시,토요일,대전광역시 서구 월평동,경상사고,0,0,1,0,차대사람 - 기타,안전운전불이행,포장 - 건조,맑음,교차로 - 교차로안,이륜,남,56세,상해없음,보행자,남,47세,경상
3450,2020040400100500,2020년 4월 4일 19시,토요일,대전광역시 서구 괴정동,중상사고,0,1,0,0,차대사람 - 횡단중,안전운전불이행,포장 - 건조,맑음,단일로 - 기타,이륜,남,31세,상해없음,보행자,여,47세,중상
3451,2020040500100233,2020년 4월 5일 14시,일요일,대전광역시 서구 갈마동,중상사고,0,1,0,0,차대사람 - 기타,안전운전불이행,포장 - 건조,맑음,교차로 - 교차로안,화물,남,54세,상해없음,보행자,여,82세,중상
3452,2020040500100292,2020년 4월 5일 16시,일요일,대전광역시 유성구 봉명동,부상신고사고,0,0,0,1,차대사람 - 기타,안전운전불이행,포장 - 건조,맑음,단일로 - 기타,자전거,남,7세,상해없음,보행자,여,53세,부상신고
3453,2020040600100197,2020년 4월 6일 11시,월요일,대전광역시 유성구 지족동,경상사고,0,0,1,0,차대사람 - 기타,안전운전불이행,포장 - 건조,맑음,교차로 - 교차로횡단보도내,승용,남,65세,기타불명,보행자,여,14세,경상
3454,2020040600100236,2020년 4월 6일 12시,월요일,대전광역시 동구 가양동,경상사고,0,0,1,0,차대사람 - 기타,안전운전불이행,포장 - 건조,맑음,교차로 - 교차로안,자전거,남,9세,상해없음,보행자,남,63세,경상
3455,2020040600100383,2020년 4월 6일 16시,월요일,대전광역시 중구 태평동,사망사고,1,0,0,0,차대사람 - 횡단중,안전운전불이행,포장 - 건조,맑음,단일로 - 기타,이륜,남,64세,상해없음,보행자,여,83세,사망
3456,2020040700100094,2020년 4월 7일 08시,화요일,대전광역시 중구 부사동,중상사고,0,1,0,0,차대사람 - 횡단중,신호위반,포장 - 건조,맑음,교차로 - 교차로안,승합,남,63세,상해없음,보행자,여,50세,중상
3457,2020040700100155,2020년 4월 7일 10시,화요일,대전광역시 서구 도마동,경상사고,0,0,1,0,차대사람 - 횡단중,신호위반,포장 - 건조,맑음,교차로 - 교차로안,이륜,남,78세,상해없음,보행자,여,69세,경상
3458,2020040700100253,2020년 4월 7일 13시,화요일,대전광역시 동구 자양동,중상사고,0,1,0,0,차대사람 - 기타,안전운전불이행,포장 - 건조,맑음,단일로 - 기타,승용,남,57세,상해없음,보행자,남,37세,중상
3459,2020040700100310,2020년 4월 7일 15시,화요일,대전광역시 서구 도마동,경상사고,0,0,1,0,차대사람 - 기타,안전운전불이행,포장 - 건조,맑음,교차로 - 교차로부근,승용,남,64세,상해없음,보행자,여,18세,경상
3460,2020040700100340,2020년 4월 7일 16시,화요일,대전광역시 동구 정동,경상사고,0,0,1,0,차대사람 - 기타,안전운전불이행,포장 - 건조,맑음,단일로 - 기타,승용,남,62세,상해없음,보행자,남,53세,경상
3461,2020040700100423,2020년 4월 7일 18시,화요일,대전광역시 동구 낭월동,중상사고,0,1,0,0,차대사람 - 횡단중,안전운전불이행,포장 - 건조,맑음,교차로 - 교차로횡단보도내,화물,남,68세,상해없음,보행자,여,82세,중상
3462,2020040700100461,2020년 4월 7일 19시,화요일,대전광역시 중구 오류동,중상사고,0,1,0,0,차대사람 - 횡단중,안전운전불이행,포장 - 건조,맑음,교차로 - 교차로안,화물,남,52세,상해없음,보행자,여,70세,중상
3463,2020040700100531,2020년 4월 7일 22시,화요일,대전광역시 서구 변동,경상사고,0,0,1,0,차대사람 - 기타,안전운전불이행,포장 - 건조,맑음,단일로 - 기타,승용,여,35세,상해없음,보행자,남,4세,경상
3464,2020040800100296,2020년 4월 8일 14시,수요일,대전광역시 대덕구 중리동,경상사고,0,0,1,0,차대사람 - 횡단중,보행자보호의무위반,포장 - 건조,맑음,교차로 - 교차로안,승용,남,62세,기타불명,보행자,남,64세,경상
3465,2020040800100362,2020년 4월 8일 16시,수요일,대전광역시 중구 오류동,경상사고,0,0,1,0,차대사람 - 기타,안전운전불이행,포장 - 건조,맑음,교차로 - 교차로안,승용,여,34세,상해없음,보행자,남,52세,경상
3466,2020040900100017,2020년 4월 9일 01시,목요일,대전광역시 동구 용전동,경상사고,0,0,1,0,차대사람 - 횡단중,안전운전불이행,포장 - 건조,맑음,교차로 - 교차로횡단보도내,승용,남,54세,상해없음,보행자,남,33세,경상
3467,2020040900100466,2020년 4월 9일 18시,목요일,대전광역시 대덕구 송촌동,경상사고,0,0,1,0,차대사람 - 기타,기타,포장 - 건조,맑음,단일로 - 기타,승용,여,23세,상해없음,보행자,여,53세,경상
3468,2020041000100136,2020년 4월 10일 09시,금요일,대전광역시 중구 유천동,중상사고,0,1,0,0,차대사람 - 기타,안전운전불이행,포장 - 건조,맑음,교차로 - 교차로부근,승합,남,68세,기타불명,보행자,여,66세,중상
3469,2020041000100162,2020년 4월 10일 10시,금요일,대전광역시 서구 도마동,중상사고,0,1,0,0,차대사람 - 횡단중,신호위반,포장 - 건조,맑음,교차로 - 교차로횡단보도내,기타불명,기타불명,미분류,기타불명,보행자,여,80세,중상
3470,2020041000100199,2020년 4월 10일 11시,금요일,대전광역시 유성구 원신흥동,중상사고,0,1,0,0,차대사람 - 횡단중,안전운전불이행,포장 - 건조,맑음,단일로 - 기타,승용,여,41세,상해없음,보행자,여,75세,중상
3471,2020041000100306,2020년 4월 10일 14시,금요일,대전광역시 중구 오류동,경상사고,0,0,1,0,차대사람 - 기타,안전운전불이행,포장 - 건조,맑음,단일로 - 기타,화물,남,46세,상해없음,보행자,여,73세,경상
3472,2020041000100540,2020년 4월 10일 21시,금요일,대전광역시 중구 대흥동,경상사고,0,0,1,0,차대사람 - 차도통행중,안전운전불이행,포장 - 건조,맑음,단일로 - 기타,승용,남,64세,상해없음,보행자,남,41세,경상
3473,2020041100100107,2020년 4월 11일 08시,토요일,대전광역시 서구 탄방동,경상사고,0,0,1,0,차대사람 - 기타,안전운전불이행,포장 - 건조,맑음,단일로 - 기타,승용,남,41세,상해없음,보행자,여,74세,경상
3474,2020041300100095,2020년 4월 13일 08시,월요일,대전광역시 중구 대흥동,경상사고,0,0,1,0,차대사람 - 기타,안전운전불이행,포장 - 건조,맑음,단일로 - 기타,승용,여,67세,상해없음,보행자,남,26세,경상
3475,2020041300100096,2020년 4월 13일 08시,월요일,대전광역시 동구 원동,경상사고,0,0,1,0,차대사람 - 횡단중,보행자보호의무위반,포장 - 건조,맑음,단일로 - 기타,승용,남,60세,상해없음,보행자,여,45세,경상
3476,2020041300100153,2020년 4월 13일 10시,월요일,대전광역시 대덕구 중리동,경상사고,0,0,1,0,차대사람 - 기타,안전운전불이행,포장 - 건조,맑음,기타 - 기타,승용,남,71세,상해없음,보행자,남,58세,경상
3477,2020041300100155,2020년 4월 13일 10시,월요일,대전광역시 서구 둔산동,중상사고,0,1,0,0,차대사람 - 횡단중,보행자보호의무위반,포장 - 건조,맑음,교차로 - 교차로횡단보도내,화물,남,59세,상해없음,보행자,남,69세,중상
3478,2020041300100317,2020년 4월 13일 15시,월요일,대전광역시 서구 탄방동,중상사고,0,1,0,0,차대사람 - 기타,기타,포장 - 건조,맑음,단일로 - 기타,승용,남,40세,상해없음,보행자,여,78세,중상
3479,2020041300100402,2020년 4월 13일 17시,월요일,대전광역시 서구 둔산동,경상사고,0,0,1,0,차대사람 - 기타,안전운전불이행,포장 - 건조,맑음,단일로 - 기타,자전거,여,30세,상해없음,보행자,여,59세,경상
3480,2020041400100073,2020년 4월 14일 07시,화요일,대전광역시 중구 유천동,경상사고,0,0,1,0,차대사람 - 횡단중,보행자보호의무위반,포장 - 건조,맑음,교차로 - 교차로횡단보도내,승용,남,59세,상해없음,보행자,여,22세,경상
3481,2020041400100497,2020년 4월 14일 19시,화요일,대전광역시 유성구 봉명동,경상사고,0,0,1,0,차대사람 - 기타,안전운전불이행,포장 - 건조,맑음,교차로 - 교차로안,승용,여,63세,상해없음,보행자,남,24세,경상
3482,2020041500100016,2020년 4월 15일 00시,수요일,대전광역시 서구 갈마동,경상사고,0,0,1,0,차대사람 - 기타,안전운전불이행,포장 - 건조,맑음,교차로 - 교차로안,승용,남,22세,상해없음,보행자,남,65세,경상
3483,2020041500100167,2020년 4월 15일 11시,수요일,대전광역시 대덕구 중리동,경상사고,0,0,1,0,차대사람 - 기타,신호위반,포장 - 건조,맑음,단일로 - 기타,승용,여,50세,상해없음,보행자,남,68세,경상
3484,2020041500100286,2020년 4월 15일 15시,수요일,대전광역시 서구 가장동,경상사고,0,0,1,0,차대사람 - 횡단중,보행자보호의무위반,포장 - 건조,맑음,교차로 - 교차로횡단보도내,승용,남,45세,상해없음,보행자,남,39세,경상
3485,2020041500100407,2020년 4월 15일 19시,수요일,대전광역시 서구 도마동,중상사고,0,1,1,0,차대사람 - 횡단중,신호위반,포장 - 건조,맑음,기타 - 기타,승용,남,64세,상해없음,보행자,여,49세,중상
3486,2020041600100139,2020년 4월 16일 10시,목요일,대전광역시 유성구 봉명동,부상신고사고,0,0,0,1,차대사람 - 기타,안전운전불이행,포장 - 건조,맑음,교차로 - 교차로횡단보도내,승용,남,59세,상해없음,보행자,여,76세,부상신고
3487,2020041700100023,2020년 4월 17일 01시,금요일,대전광역시 유성구 반석동,경상사고,0,0,1,0,차대사람 - 기타,안전운전불이행,포장 - 건조,맑음,기타 - 기타,승용,남,46세,상해없음,보행자,남,35세,경상
3488,2020041700100065,2020년 4월 17일 07시,금요일,대전광역시 서구 갈마동,경상사고,0,0,2,0,차대사람 - 기타,보행자보호의무위반,포장 - 젖음/습기,비,교차로 - 교차로횡단보도내,승용,남,39세,기타불명,보행자,여,40세,경상
3489,2020041700100117,2020년 4월 17일 09시,금요일,대전광역시 동구 자양동,중상사고,0,1,0,0,차대사람 - 차도통행중,안전운전불이행,포장 - 건조,맑음,단일로 - 기타,승용,남,30세,상해없음,보행자,여,49세,중상
3490,2020041700100264,2020년 4월 17일 14시,금요일,대전광역시 서구 복수동,경상사고,0,0,1,0,차대사람 - 기타,안전운전불이행,포장 - 젖음/습기,흐림,단일로 - 기타,기타불명,기타불명,미분류,기타불명,보행자,여,9세,경상
3491,2020041800100024,2020년 4월 18일 01시,토요일,대전광역시 중구 대흥동,경상사고,0,0,1,0,차대사람 - 길가장자리구역통행중,안전운전불이행,포장 - 건조,맑음,단일로 - 기타,승용,남,26세,상해없음,보행자,남,28세,경상
3492,2020041800100367,2020년 4월 18일 16시,토요일,대전광역시 유성구 송강동,중상사고,0,1,0,1,차대사람 - 횡단중,보행자보호의무위반,포장 - 건조,맑음,교차로 - 교차로횡단보도내,승용,여,43세,상해없음,보행자,남,5세,중상
3493,2020041800100522,2020년 4월 18일 22시,토요일,대전광역시 유성구 장대동,사망사고,1,0,0,0,차대사람 - 기타,안전운전불이행,포장 - 건조,맑음,단일로 - 기타,승용,남,33세,상해없음,보행자,남,68세,사망
3494,2020041900100354,2020년 4월 19일 20시,일요일,대전광역시 서구 만년동,중상사고,0,1,0,0,차대사람 - 기타,안전운전불이행,포장 - 젖음/습기,비,단일로 - 기타,승용,남,59세,상해없음,보행자,남,51세,중상
3495,2020041900100415,2020년 4월 19일 23시,일요일,대전광역시 중구 선화동,경상사고,0,0,1,0,차대사람 - 기타,안전운전불이행,포장 - 건조,맑음,교차로 - 교차로횡단보도내,승용,남,62세,상해없음,보행자,여,25세,경상
3496,2020042000100245,2020년 4월 20일 13시,월요일,대전광역시 서구 괴정동,경상사고,0,0,1,0,차대사람 - 기타,안전운전불이행,포장 - 건조,맑음,단일로 - 기타,승용,여,50세,상해없음,보행자,남,16세,경상
3497,2020042000100476,2020년 4월 20일 20시,월요일,대전광역시 서구 내동,중상사고,0,1,0,0,차대사람 - 횡단중,보행자보호의무위반,포장 - 건조,맑음,교차로 - 교차로안,승용,남,57세,상해없음,보행자,여,68세,중상
3498,2020042100100100,2020년 4월 21일 08시,화요일,대전광역시 서구 둔산동,경상사고,0,0,1,0,차대사람 - 기타,안전운전불이행,포장 - 건조,맑음,단일로 - 기타,기타불명,기타불명,미분류,기타불명,보행자,남,60세,경상
3499,2020042100100155,2020년 4월 21일 10시,화요일,대전광역시 서구 괴정동,중상사고,0,1,0,0,차대사람 - 기타,중앙선침범,포장 - 건조,맑음,교차로 - 교차로부근,승용,여,25세,기타불명,보행자,여,82세,중상
3500,2020042100100310,2020년 4월 21일 15시,화요일,대전광역시 동구 용전동,사망사고,1,2,0,0,차대사람 - 기타,안전운전불이행,포장 - 건조,맑음,단일로 - 기타,승용,여,71세,중상,보행자,남,82세,중상
3501,2020042100100338,2020년 4월 21일 16시,화요일,대전광역시 동구 홍도동,경상사고,0,0,1,0,차대사람 - 기타,보행자보호의무위반,포장 - 건조,맑음,단일로 - 기타,승용,남,66세,상해없음,보행자,여,23세,경상
3502,2020042200100011,2020년 4월 22일 00시,수요일,대전광역시 동구 용운동,중상사고,0,1,0,0,차대사람 - 기타,안전운전불이행,포장 - 건조,맑음,교차로 - 교차로안,승용,남,48세,상해없음,보행자,남,49세,중상
3503,2020042200100164,2020년 4월 22일 10시,수요일,대전광역시 유성구 송강동,경상사고,0,0,1,0,차대사람 - 횡단중,안전운전불이행,포장 - 건조,맑음,교차로 - 교차로안,승용,여,54세,상해없음,보행자,남,70세,경상
3504,2020042200100228,2020년 4월 22일 12시,수요일,대전광역시 대덕구 송촌동,중상사고,0,2,0,0,차대사람 - 횡단중,신호위반,포장 - 건조,맑음,단일로 - 기타,승용,남,57세,상해없음,보행자,여,66세,중상
3505,2020042200100501,2020년 4월 22일 21시,수요일,대전광역시 중구 유천동,경상사고,0,0,1,0,차대사람 - 기타,안전운전불이행,포장 - 건조,맑음,교차로 - 교차로부근,승용,남,42세,상해없음,보행자,남,48세,경상
3506,2020042300100197,2020년 4월 23일 11시,목요일,대전광역시 중구 대사동,경상사고,0,0,1,0,차대사람 - 보도통행중,기타,포장 - 건조,맑음,교차로 - 교차로부근,승용,여,40세,상해없음,보행자,여,22세,경상
3507,2020042300100386,2020년 4월 23일 17시,목요일,대전광역시 중구 유천동,경상사고,0,0,1,0,차대사람 - 횡단중,보행자보호의무위반,포장 - 건조,맑음,교차로 - 교차로안,기타불명,기타불명,미분류,기타불명,보행자,여,53세,경상
3508,2020042300100390,2020년 4월 23일 17시,목요일,대전광역시 유성구 봉명동,중상사고,0,1,0,0,차대사람 - 기타,기타,포장 - 건조,맑음,교차로 - 교차로부근,승합,남,50세,상해없음,보행자,남,45세,중상
3509,2020042300100494,2020년 4월 23일 20시,목요일,대전광역시 유성구 봉명동,중상사고,0,1,0,0,차대사람 - 기타,보행자보호의무위반,포장 - 건조,맑음,단일로 - 기타,승용,남,27세,상해없음,보행자,남,7세,중상
3510,2020042300100537,2020년 4월 23일 22시,목요일,대전광역시 서구 둔산동,경상사고,0,0,1,0,차대사람 - 기타,안전운전불이행,포장 - 건조,맑음,단일로 - 기타,기타불명,기타불명,미분류,기타불명,보행자,여,21세,경상
3511,2020042400100017,2020년 4월 24일 00시,금요일,대전광역시 서구 탄방동,중상사고,0,1,0,0,차대사람 - 횡단중,보행자보호의무위반,포장 - 건조,맑음,교차로 - 교차로안,승용,남,47세,상해없음,보행자,남,28세,중상
3512,2020042400100034,2020년 4월 24일 01시,금요일,대전광역시 서구 둔산동,중상사고,0,1,0,0,차대사람 - 기타,안전운전불이행,포장 - 건조,맑음,단일로 - 기타,승용,남,36세,상해없음,보행자,남,55세,중상
3513,2020042400100145,2020년 4월 24일 09시,금요일,대전광역시 서구 탄방동,중상사고,0,1,0,0,차대사람 - 기타,안전운전불이행,포장 - 건조,맑음,교차로 - 교차로안,화물,남,44세,상해없음,보행자,남,64세,중상
3514,2020042400100227,2020년 4월 24일 11시,금요일,대전광역시 대덕구 읍내동,중상사고,0,1,0,0,차대사람 - 횡단중,신호위반,포장 - 건조,맑음,단일로 - 기타,승용,남,26세,상해없음,보행자,여,63세,중상
3515,2020042400100228,2020년 4월 24일 11시,금요일,대전광역시 유성구 봉명동,경상사고,0,0,1,0,차대사람 - 횡단중,안전운전불이행,포장 - 건조,맑음,교차로 - 교차로횡단보도내,승용,여,57세,상해없음,보행자,남,68세,경상
3516,2020042400100243,2020년 4월 24일 12시,금요일,대전광역시 대덕구 송촌동,사망사고,1,0,0,0,차대사람 - 기타,안전운전불이행,포장 - 건조,맑음,단일로 - 기타,승용,남,51세,상해없음,보행자,여,73세,사망
3517,2020042400100296,2020년 4월 24일 13시,금요일,대전광역시 동구 원동,중상사고,0,1,0,0,차대사람 - 횡단중,안전운전불이행,포장 - 건조,맑음,단일로 - 기타,화물,여,58세,상해없음,보행자,여,86세,중상
3518,2020042400100297,2020년 4월 24일 13시,금요일,대전광역시 서구 둔산동,경상사고,0,0,1,0,차대사람 - 기타,안전운전불이행,포장 - 건조,맑음,단일로 - 기타,승용,여,59세,상해없음,보행자,남,35세,경상
3519,2020042400100373,2020년 4월 24일 15시,금요일,대전광역시 중구 목동,경상사고,0,0,1,0,차대사람 - 기타,안전운전불이행,포장 - 건조,맑음,교차로 - 교차로안,승합,남,54세,상해없음,보행자,여,70세,경상
3520,2020042400100412,2020년 4월 24일 16시,금요일,대전광역시 서구 둔산동,경상사고,0,0,1,0,차대사람 - 기타,안전운전불이행,포장 - 건조,맑음,주차장 - 주차장,승용,남,44세,상해없음,보행자,여,37세,경상
3521,2020042400100459,2020년 4월 24일 17시,금요일,대전광역시 중구 용두동,경상사고,0,0,1,0,차대사람 - 횡단중,보행자보호의무위반,포장 - 건조,맑음,교차로 - 교차로안,승용,남,78세,기타불명,보행자,여,17세,경상
3522,2020042400100604,2020년 4월 24일 21시,금요일,대전광역시 서구 둔산동,경상사고,0,0,2,0,차대사람 - 횡단중,신호위반,포장 - 건조,맑음,교차로 - 교차로횡단보도내,특수,남,42세,상해없음,보행자,여,32세,경상
3523,2020042500100120,2020년 4월 25일 08시,토요일,대전광역시 중구 산성동,중상사고,0,1,1,0,차대사람 - 기타,안전운전불이행,포장 - 건조,맑음,단일로 - 기타,자전거,남,57세,경상,보행자,남,65세,중상
3524,2020042500100547,2020년 4월 25일 21시,토요일,대전광역시 중구 대흥동,경상사고,0,0,1,0,차대사람 - 기타,안전운전불이행,포장 - 건조,맑음,단일로 - 기타,승용,여,65세,상해없음,보행자,남,63세,경상
3525,2020042600100031,2020년 4월 26일 01시,일요일,대전광역시 서구 월평동,부상신고사고,0,0,0,1,차대사람 - 횡단중,보행자보호의무위반,포장 - 건조,맑음,교차로 - 교차로횡단보도내,승용,남,23세,상해없음,보행자,남,43세,부상신고
3526,2020042600100336,2020년 4월 26일 17시,일요일,대전광역시 유성구 봉명동,경상사고,0,0,1,0,차대사람 - 길가장자리구역통행중,안전운전불이행,포장 - 건조,맑음,단일로 - 기타,자전거,남,12세,상해없음,보행자,여,56세,경상
3527,2020042700100236,2020년 4월 27일 12시,월요일,대전광역시 중구 산성동,경상사고,0,0,1,0,차대사람 - 횡단중,안전운전불이행,포장 - 건조,맑음,교차로 - 교차로안,승용,여,32세,상해없음,보행자,남,67세,경상
3528,2020042700100394,2020년 4월 27일 16시,월요일,대전광역시 대덕구 송촌동,경상사고,0,0,1,0,차대사람 - 기타,안전운전불이행,포장 - 건조,맑음,단일로 - 기타,승용,여,62세,상해없음,보행자,남,37세,경상
3529,2020042700100552,2020년 4월 27일 20시,월요일,대전광역시 중구 오류동,경상사고,0,0,1,0,차대사람 - 기타,안전운전불이행,포장 - 건조,맑음,교차로 - 교차로부근,승용,남,70세,상해없음,보행자,여,21세,경상
3530,2020042800100410,2020년 4월 28일 16시,화요일,대전광역시 대덕구 오정동,경상사고,0,0,1,0,차대사람 - 기타,안전운전불이행,포장 - 건조,맑음,단일로 - 기타,기타불명,남,18세,상해없음,보행자,여,70세,경상
3531,2020042800100600,2020년 4월 28일 21시,화요일,대전광역시 서구 갈마동,중상사고,0,1,0,0,차대사람 - 횡단중,보행자보호의무위반,포장 - 건조,맑음,교차로 - 교차로안,승합,남,58세,상해없음,보행자,여,25세,중상
3532,2020042900100208,2020년 4월 29일 11시,수요일,대전광역시 동구 가양동,중상사고,0,1,0,0,차대사람 - 차도통행중,안전운전불이행,포장 - 건조,맑음,단일로 - 기타,이륜,남,26세,상해없음,보행자,여,59세,중상
3533,2020042900100274,2020년 4월 29일 13시,수요일,대전광역시 서구 도마동,중상사고,0,1,0,0,차대사람 - 기타,안전운전불이행,포장 - 건조,맑음,단일로 - 기타,승용,남,63세,상해없음,보행자,남,9세,중상
3534,2020042900100634,2020년 4월 29일 21시,수요일,대전광역시 대덕구 목상동,중상사고,0,1,0,0,차대사람 - 기타,기타,포장 - 건조,맑음,단일로 - 기타,승합,남,50세,기타불명,보행자,여,51세,중상
3535,2020043000100114,2020년 4월 30일 07시,목요일,대전광역시 서구 관저동,중상사고,0,1,0,0,차대사람 - 횡단중,안전운전불이행,포장 - 건조,맑음,교차로 - 교차로부근,화물,남,56세,상해없음,보행자,남,69세,중상
3536,2020043000100166,2020년 4월 30일 10시,목요일,대전광역시 중구 오류동,경상사고,0,0,1,0,차대사람 - 횡단중,안전운전불이행,포장 - 건조,맑음,교차로 - 교차로횡단보도내,승용,여,65세,상해없음,보행자,남,29세,경상
3537,2020043000100371,2020년 4월 30일 15시,목요일,대전광역시 대덕구 신탄진동,경상사고,0,0,1,0,차대사람 - 기타,안전운전불이행,포장 - 건조,맑음,단일로 - 기타,화물,남,61세,상해없음,보행자,남,7세,경상
3538,2020050100100026,2020년 5월 1일 01시,금요일,대전광역시 대덕구 중리동,경상사고,0,0,1,0,차대사람 - 보도통행중,기타,포장 - 건조,맑음,기타 - 기타,이륜,남,26세,상해없음,보행자,남,34세,경상
3539,2020050100100460,2020년 5월 1일 18시,금요일,대전광역시 대덕구 오정동,중상사고,0,1,0,0,차대사람 - 기타,안전운전불이행,포장 - 건조,맑음,교차로 - 교차로안,승용,남,38세,상해없음,보행자,남,33세,중상
3540,2020050100100576,2020년 5월 1일 22시,금요일,대전광역시 서구 갈마동,중상사고,0,1,0,0,차대사람 - 길가장자리구역통행중,안전운전불이행,포장 - 건조,맑음,교차로 - 교차로안,화물,남,37세,상해없음,보행자,남,34세,중상
3541,2020050200100021,2020년 5월 2일 00시,토요일,대전광역시 유성구 구암동,중상사고,0,1,0,0,차대사람 - 횡단중,보행자보호의무위반,포장 - 건조,맑음,단일로 - 기타,승용,남,32세,상해없음,보행자,남,63세,중상
3542,2020050200100262,2020년 5월 2일 13시,토요일,대전광역시 대덕구 비래동,중상사고,0,1,0,0,차대사람 - 횡단중,보행자보호의무위반,포장 - 건조,흐림,단일로 - 기타,승용,남,62세,상해없음,보행자,여,15세,중상
3543,2020050300100023,2020년 5월 3일 01시,일요일,대전광역시 중구 대흥동,경상사고,0,0,1,0,차대사람 - 길가장자리구역통행중,안전운전불이행,포장 - 건조,맑음,교차로 - 교차로안,승용,남,17세,상해없음,보행자,여,24세,경상
3544,2020050300100061,2020년 5월 3일 05시,일요일,대전광역시 서구 둔산동,경상사고,0,0,1,0,차대사람 - 기타,안전운전불이행,포장 - 건조,맑음,단일로 - 기타,승용,남,28세,상해없음,보행자,남,26세,경상
3545,2020050300100139,2020년 5월 3일 11시,일요일,대전광역시 서구 가수원동,중상사고,0,1,0,0,차대사람 - 횡단중,안전운전불이행,포장 - 젖음/습기,비,교차로 - 교차로횡단보도내,승용,남,51세,상해없음,보행자,여,66세,중상
3546,2020050300100388,2020년 5월 3일 20시,일요일,대전광역시 대덕구 석봉동,부상신고사고,0,0,0,1,차대사람 - 기타,안전운전불이행,포장 - 건조,맑음,단일로 - 기타,승용,여,50세,상해없음,보행자,여,28세,부상신고
3547,2020050300100419,2020년 5월 3일 22시,일요일,대전광역시 중구 산성동,중상사고,0,1,0,3,차대사람 - 횡단중,신호위반,포장 - 건조,맑음,단일로 - 기타,승용,남,60세,상해없음,보행자,남,3세,부상신고
3548,2020050400100127,2020년 5월 4일 09시,월요일,대전광역시 동구 가양동,경상사고,0,0,1,0,차대사람 - 기타,안전운전불이행,포장 - 건조,맑음,단일로 - 기타,화물,남,48세,상해없음,보행자,여,84세,경상
3549,2020050400100238,2020년 5월 4일 12시,월요일,대전광역시 서구 관저동,경상사고,0,0,1,0,차대사람 - 기타,안전운전불이행,포장 - 건조,맑음,단일로 - 기타,승용,여,34세,상해없음,보행자,남,52세,경상
3550,2020050400100239,2020년 5월 4일 12시,월요일,대전광역시 서구 월평동,중상사고,0,1,0,0,차대사람 - 기타,안전운전불이행,포장 - 건조,맑음,단일로 - 기타,승용,남,64세,상해없음,보행자,여,83세,중상
3551,2020050400100477,2020년 5월 4일 17시,월요일,대전광역시 동구 원동,경상사고,0,0,1,0,차대사람 - 기타,안전운전불이행,포장 - 건조,맑음,단일로 - 기타,승용,남,58세,상해없음,보행자,여,24세,경상
3552,2020050400100478,2020년 5월 4일 17시,월요일,대전광역시 유성구 장대동,경상사고,0,0,1,0,차대사람 - 기타,안전운전불이행,포장 - 건조,맑음,단일로 - 기타,승용,여,68세,상해없음,보행자,남,23세,경상
3553,2020050400100634,2020년 5월 4일 21시,월요일,대전광역시 서구 관저동,경상사고,0,0,1,0,차대사람 - 기타,안전운전불이행,포장 - 건조,맑음,단일로 - 기타,기타불명,기타불명,미분류,기타불명,보행자,남,58세,경상
3554,2020050500100050,2020년 5월 5일 04시,화요일,대전광역시 서구 둔산동,경상사고,0,0,1,0,차대사람 - 기타,안전운전불이행,포장 - 건조,맑음,단일로 - 기타,승용,남,70세,상해없음,보행자,남,23세,경상
3555,2020050500100332,2020년 5월 5일 18시,화요일,대전광역시 중구 대흥동,경상사고,0,0,1,0,차대사람 - 기타,안전운전불이행,포장 - 건조,흐림,단일로 - 기타,승용,여,19세,상해없음,보행자,여,22세,경상
3556,2020050600100032,2020년 5월 6일 05시,수요일,대전광역시 서구 도마동,경상사고,0,0,1,0,차대사람 - 기타,안전운전불이행,포장 - 건조,맑음,기타 - 기타,승용,남,39세,상해없음,보행자,남,62세,경상
3557,2020050600100210,2020년 5월 6일 11시,수요일,대전광역시 대덕구 오정동,경상사고,0,0,1,0,차대사람 - 횡단중,신호위반,포장 - 건조,맑음,교차로 - 교차로횡단보도내,화물,남,51세,기타불명,보행자,여,71세,경상
3558,2020050600100211,2020년 5월 6일 11시,수요일,대전광역시 서구 월평동,중상사고,0,1,0,0,차대사람 - 기타,안전운전불이행,포장 - 건조,맑음,단일로 - 기타,승용,여,57세,상해없음,보행자,여,70세,중상
3559,2020050700100014,2020년 5월 7일 00시,목요일,대전광역시 대덕구 비래동,중상사고,0,1,0,0,차대사람 - 기타,안전운전불이행,포장 - 건조,맑음,교차로 - 교차로안,승용,남,65세,상해없음,보행자,남,52세,중상