,사고번호,사고일시,요일,시군구,사고내용,사망자수,중상자수,경상자수,부상신고자수,사고유형,법규위반,노면상태,기상상태,도로형태,가해운전자 차종,가해운전자 성별,가해운전자 연령,가해운전자 상해정도,피해운전자 차종,피해운전자 성별,피해운전자 연령,피해운전자 상해정도
3672,2020060500100727,2020년 6월 5일 23시,금요일,대전광역시 대덕구 평촌동,경상사고,0,0,1,0,차대사람 - 차도통행중,안전운전불이행,포장 - 건조,맑음,단일로 - 고가도로위,승용,남,52세,기타불명,보행자,남,58세,경상
3673,2020060600100030,2020년 6월 6일 01시,토요일,대전광역시 서구 둔산동,경상사고,0,0,1,0,차대사람 - 기타,안전운전불이행,포장 - 건조,맑음,교차로 - 교차로안,승용,남,42세,상해없음,보행자,여,24세,경상
3674,2020060600100315,2020년 6월 6일 14시,토요일,대전광역시 서구 괴정동,경상사고,0,0,1,0,차대사람 - 횡단중,안전운전불이행,포장 - 건조,맑음,교차로 - 교차로안,승용,남,50세,기타불명,보행자,남,6세,경상
3675,2020060600100476,2020년 6월 6일 18시,토요일,대전광역시 동구 용전동,중상사고,0,1,0,0,차대사람 - 횡단중,보행자보호의무위반,포장 - 건조,맑음,단일로 - 기타,승합,남,65세,상해없음,보행자,여,31세,중상
3676,2020060600100583,2020년 6월 6일 22시,토요일,대전광역시 서구 둔산동,경상사고,0,0,1,0,차대사람 - 횡단중,안전운전불이행,포장 - 건조,맑음,교차로 - 교차로횡단보도내,승용,남,51세,상해없음,보행자,남,61세,경상
3677,2020060700100201,2020년 6월 7일 12시,일요일,대전광역시 동구 원동,경상사고,0,0,1,0,차대사람 - 횡단중,보행자보호의무위반,포장 - 건조,맑음,단일로 - 기타,승용,남,56세,상해없음,보행자,남,59세,경상
3678,2020060800100148,2020년 6월 8일 08시,월요일,대전광역시 중구 문화동,중상사고,0,1,0,0,차대사람 - 기타,안전운전불이행,포장 - 건조,맑음,단일로 - 기타,승용,여,38세,상해없음,보행자,남,50세,중상
3679,2020060800100217,2020년 6월 8일 10시,월요일,대전광역시 유성구 원내동,중상사고,0,1,0,0,차대사람 - 기타,안전운전불이행,포장 - 건조,맑음,단일로 - 기타,승용,남,66세,상해없음,보행자,여,86세,중상
3680,2020060800100259,2020년 6월 8일 11시,월요일,대전광역시 대덕구 목상동,부상신고사고,0,0,0,1,차대사람 - 기타,안전운전불이행,포장 - 건조,맑음,기타 - 기타,승용,남,44세,상해없음,보행자,여,40세,부상신고
3681,2020060800100517,2020년 6월 8일 17시,월요일,대전광역시 중구 중촌동,경상사고,0,0,1,0,차대사람 - 차도통행중,기타,포장 - 건조,맑음,단일로 - 기타,자전거,남,34세,상해없음,보행자,여,63세,경상
3682,2020060900100324,2020년 6월 9일 13시,화요일,대전광역시 중구 은행동,경상사고,0,0,1,0,차대사람 - 차도통행중,안전운전불이행,포장 - 건조,맑음,단일로 - 기타,승용,남,83세,상해없음,보행자,여,20세,경상
3683,2020060900100325,2020년 6월 9일 13시,화요일,대전광역시 유성구 봉명동,중상사고,0,1,0,0,차대사람 - 횡단중,보행자보호의무위반,포장 - 건조,맑음,교차로 - 교차로횡단보도내,승용,여,41세,상해없음,보행자,남,24세,중상
3684,2020060900100639,2020년 6월 9일 20시,화요일,대전광역시 서구 도마동,중상사고,0,1,0,0,차대사람 - 기타,안전운전불이행,포장 - 건조,맑음,단일로 - 기타,승용,남,21세,상해없음,보행자,여,80세,중상
3685,2020061000100025,2020년 6월 10일 03시,수요일,대전광역시 중구 산성동,경상사고,0,0,1,0,차대사람 - 기타,안전운전불이행,포장 - 건조,맑음,단일로 - 기타,승합,남,47세,상해없음,보행자,남,54세,경상
3686,2020061000100087,2020년 6월 10일 07시,수요일,대전광역시 동구 대성동,경상사고,0,0,1,0,차대사람 - 횡단중,안전운전불이행,포장 - 건조,맑음,단일로 - 기타,승용,여,46세,상해없음,보행자,여,6세,경상
3687,2020061000100305,2020년 6월 10일 13시,수요일,대전광역시 서구 복수동,중상사고,0,1,0,0,차대사람 - 횡단중,보행자보호의무위반,포장 - 건조,맑음,교차로 - 교차로횡단보도내,승용,여,54세,상해없음,보행자,남,78세,중상
3688,2020061000100337,2020년 6월 10일 14시,수요일,대전광역시 서구 용문동,경상사고,0,0,1,0,차대사람 - 길가장자리구역통행중,안전운전불이행,포장 - 건조,맑음,단일로 - 기타,기타불명,기타불명,미분류,기타불명,보행자,남,67세,경상
3689,2020061000100382,2020년 6월 10일 15시,수요일,대전광역시 유성구 궁동,중상사고,0,1,0,0,차대사람 - 횡단중,신호위반,포장 - 건조,맑음,교차로 - 교차로안,이륜,남,28세,상해없음,보행자,여,58세,중상
3690,2020061000100688,2020년 6월 10일 21시,수요일,대전광역시 유성구 구암동,부상신고사고,0,0,0,1,차대사람 - 기타,안전운전불이행,포장 - 젖음/습기,비,단일로 - 기타,이륜,남,28세,상해없음,보행자,남,23세,부상신고
3691,2020061100100200,2020년 6월 11일 10시,목요일,대전광역시 중구 문화동,경상사고,0,0,1,0,차대사람 - 횡단중,보행자보호의무위반,포장 - 건조,맑음,교차로 - 교차로횡단보도내,승용,여,41세,상해없음,보행자,여,60세,경상
3692,2020061100100379,2020년 6월 11일 15시,목요일,대전광역시 중구 유천동,경상사고,0,0,1,0,차대사람 - 기타,안전운전불이행,포장 - 건조,맑음,단일로 - 기타,화물,남,47세,상해없음,보행자,남,67세,경상
3693,2020061100100463,2020년 6월 11일 17시,목요일,대전광역시 서구 둔산동,경상사고,0,0,1,0,차대사람 - 횡단중,보행자보호의무위반,포장 - 건조,맑음,단일로 - 기타,승용,남,21세,상해없음,보행자,여,25세,경상
3694,2020061100100511,2020년 6월 11일 18시,목요일,대전광역시 중구 문화동,중상사고,0,1,0,0,차대사람 - 횡단중,신호위반,포장 - 건조,맑음,단일로 - 기타,승합,남,48세,상해없음,보행자,남,73세,중상
3695,2020061200100082,2020년 6월 12일 07시,금요일,대전광역시 동구 대동,경상사고,0,0,1,0,차대사람 - 기타,안전운전불이행,포장 - 건조,맑음,단일로 - 기타,승용,여,28세,상해없음,보행자,여,73세,경상
3696,2020061200100160,2020년 6월 12일 09시,금요일,대전광역시 서구 둔산동,경상사고,0,0,1,0,차대사람 - 길가장자리구역통행중,안전운전불이행,포장 - 건조,맑음,단일로 - 기타,승용,여,53세,상해없음,보행자,여,31세,경상
3697,2020061200100284,2020년 6월 12일 12시,금요일,대전광역시 동구 가오동,중상사고,0,1,0,0,차대사람 - 차도통행중,안전운전불이행,포장 - 건조,맑음,교차로 - 교차로부근,승용,여,26세,상해없음,보행자,남,31세,중상
3698,2020061200100665,2020년 6월 12일 21시,금요일,대전광역시 서구 관저동,경상사고,0,0,1,0,차대사람 - 횡단중,보행자보호의무위반,포장 - 젖음/습기,비,교차로 - 교차로횡단보도내,승용,남,22세,상해없음,보행자,남,50세,경상
3699,2020061200100712,2020년 6월 12일 22시,금요일,대전광역시 서구 둔산동,중상사고,0,1,0,0,차대사람 - 기타,안전운전불이행,포장 - 젖음/습기,비,교차로 - 교차로횡단보도내,승용,남,53세,상해없음,보행자,남,79세,중상
3700,2020061200100713,2020년 6월 12일 22시,금요일,대전광역시 서구 둔산동,경상사고,0,0,1,0,차대사람 - 기타,안전운전불이행,포장 - 젖음/습기,비,단일로 - 기타,승용,남,46세,상해없음,보행자,여,52세,경상
3701,2020061300100090,2020년 6월 13일 04시,토요일,대전광역시 서구 갈마동,경상사고,0,0,1,0,차대사람 - 횡단중,안전운전불이행,포장 - 젖음/습기,비,교차로 - 교차로횡단보도내,승용,남,62세,상해없음,보행자,여,19세,경상
3702,2020061300100476,2020년 6월 13일 17시,토요일,대전광역시 동구 용전동,경상사고,0,0,1,0,차대사람 - 횡단중,보행자보호의무위반,포장 - 젖음/습기,비,교차로 - 교차로안,승용,남,52세,상해없음,보행자,남,69세,경상
3703,2020061400100023,2020년 6월 14일 00시,일요일,대전광역시 동구 용전동,경상사고,0,0,1,0,차대사람 - 기타,안전운전불이행,포장 - 젖음/습기,비,교차로 - 교차로안,승용,남,24세,상해없음,보행자,남,27세,경상
3704,2020061400100089,2020년 6월 14일 06시,일요일,대전광역시 서구 둔산동,부상신고사고,0,0,0,1,차대사람 - 차도통행중,안전운전불이행,포장 - 젖음/습기,흐림,단일로 - 기타,승용,남,62세,상해없음,보행자,여,27세,부상신고
3705,2020061400100258,2020년 6월 14일 14시,일요일,대전광역시 중구 안영동,경상사고,0,0,1,0,차대사람 - 차도통행중,안전운전불이행,포장 - 건조,맑음,교차로 - 교차로부근,승용,여,68세,상해없음,보행자,남,4세,경상
3706,2020061400100387,2020년 6월 14일 18시,일요일,대전광역시 중구 부사동,경상사고,0,0,1,0,차대사람 - 차도통행중,안전운전불이행,포장 - 건조,맑음,단일로 - 기타,승합,남,70세,상해없음,보행자,남,37세,경상
3707,2020061400100481,2020년 6월 14일 21시,일요일,대전광역시 동구 가양동,경상사고,0,0,2,0,차대사람 - 횡단중,보행자보호의무위반,포장 - 건조,맑음,교차로 - 교차로횡단보도내,승용,남,61세,상해없음,보행자,여,21세,경상
3708,2020061400100521,2020년 6월 14일 23시,일요일,대전광역시 서구 내동,중상사고,0,1,0,0,차대사람 - 횡단중,안전운전불이행,포장 - 건조,맑음,교차로 - 교차로횡단보도내,승용,남,30세,상해없음,보행자,남,62세,중상
3709,2020061500100126,2020년 6월 15일 08시,월요일,대전광역시 유성구 봉명동,경상사고,0,0,1,0,차대사람 - 횡단중,보행자보호의무위반,포장 - 건조,맑음,교차로 - 교차로횡단보도내,승용,남,38세,상해없음,보행자,남,23세,경상
3710,2020061500100280,2020년 6월 15일 12시,월요일,대전광역시 동구 용전동,경상사고,0,0,1,0,차대사람 - 길가장자리구역통행중,안전운전불이행,포장 - 건조,맑음,단일로 - 기타,승용,남,23세,상해없음,보행자,남,47세,경상
3711,2020061500100573,2020년 6월 15일 18시,월요일,대전광역시 대덕구 중리동,경상사고,0,0,1,0,차대사람 - 기타,안전운전불이행,포장 - 건조,맑음,단일로 - 기타,화물,남,60세,상해없음,보행자,남,7세,경상
3712,2020061500100608,2020년 6월 15일 19시,월요일,대전광역시 서구 월평동,경상사고,0,0,1,0,차대사람 - 횡단중,보행자보호의무위반,포장 - 건조,맑음,교차로 - 교차로안,승용,여,58세,상해없음,보행자,남,49세,경상
3713,2020061600100133,2020년 6월 16일 08시,화요일,대전광역시 대덕구 중리동,경상사고,0,0,1,0,차대사람 - 횡단중,보행자보호의무위반,포장 - 건조,맑음,기타 - 기타,승용,여,44세,상해없음,보행자,여,26세,경상
3714,2020061600100302,2020년 6월 16일 13시,화요일,대전광역시 서구 둔산동,경상사고,0,0,1,0,차대사람 - 기타,안전운전불이행,포장 - 건조,맑음,기타 - 기타,승용,여,40세,상해없음,보행자,남,72세,경상
3715,2020061600100384,2020년 6월 16일 15시,화요일,대전광역시 중구 태평동,경상사고,0,0,1,0,차대사람 - 기타,안전운전불이행,포장 - 건조,맑음,단일로 - 기타,화물,남,47세,상해없음,보행자,남,8세,경상
3716,2020061600100479,2020년 6월 16일 17시,화요일,대전광역시 유성구 원내동,중상사고,0,1,0,0,차대사람 - 횡단중,보행자보호의무위반,포장 - 건조,맑음,단일로 - 기타,승합,남,66세,상해없음,보행자,여,50세,중상
3717,2020061700100223,2020년 6월 17일 11시,수요일,대전광역시 중구 태평동,중상사고,0,1,0,0,차대사람 - 기타,안전운전불이행,포장 - 건조,맑음,단일로 - 기타,승용,남,56세,상해없음,보행자,남,64세,중상
3718,2020061800100329,2020년 6월 18일 13시,목요일,대전광역시 유성구 궁동,중상사고,0,1,0,0,차대사람 - 기타,안전운전불이행,포장 - 젖음/습기,비,교차로 - 교차로안,승용,남,61세,상해없음,보행자,남,40세,중상
3719,2020061800100452,2020년 6월 18일 17시,목요일,대전광역시 서구 둔산동,경상사고,0,0,1,0,차대사람 - 횡단중,기타,포장 - 건조,맑음,단일로 - 기타,승용,남,65세,상해없음,보행자,남,6세,경상
3720,2020061900100032,2020년 6월 19일 02시,금요일,대전광역시 대덕구 문평동,경상사고,0,0,1,0,차대사람 - 기타,안전운전불이행,포장 - 건조,맑음,단일로 - 기타,기타불명,기타불명,미분류,기타불명,보행자,여,27세,경상
3721,2020061900100242,2020년 6월 19일 11시,금요일,대전광역시 대덕구 송촌동,경상사고,0,0,1,0,차대사람 - 기타,기타,포장 - 건조,맑음,기타 - 기타,승용,남,31세,상해없음,보행자,남,64세,경상
3722,2020061900100358,2020년 6월 19일 14시,금요일,대전광역시 중구 대흥동,경상사고,0,0,1,0,차대사람 - 기타,안전운전불이행,포장 - 건조,맑음,단일로 - 기타,승용,남,26세,상해없음,보행자,남,61세,경상
3723,2020062000100019,2020년 6월 20일 00시,토요일,대전광역시 대덕구 중리동,경상사고,0,0,1,0,차대사람 - 기타,안전운전불이행,포장 - 건조,맑음,단일로 - 기타,특수,남,24세,상해없음,보행자,남,49세,경상
3724,2020062000100364,2020년 6월 20일 14시,토요일,대전광역시 동구 가오동,경상사고,0,0,1,0,차대사람 - 차도통행중,안전운전불이행,포장 - 건조,맑음,단일로 - 기타,승용,여,36세,상해없음,보행자,남,59세,경상
3725,2020062000100528,2020년 6월 20일 18시,토요일,대전광역시 서구 가수원동,경상사고,0,0,2,0,차대사람 - 횡단중,안전운전불이행,포장 - 건조,맑음,단일로 - 기타,이륜,남,17세,상해없음,보행자,남,59세,경상
3726,2020062000100529,2020년 6월 20일 18시,토요일,대전광역시 유성구 구암동,경상사고,0,0,1,0,차대사람 - 횡단중,보행자보호의무위반,포장 - 건조,흐림,교차로 - 교차로부근,승용,남,63세,상해없음,보행자,남,17세,경상
3727,2020062100100040,2020년 6월 21일 01시,일요일,대전광역시 유성구 신성동,중상사고,0,1,0,0,차대사람 - 기타,안전운전불이행,포장 - 건조,맑음,단일로 - 기타,승용,남,58세,상해없음,보행자,남,16세,중상
3728,2020062100100092,2020년 6월 21일 06시,일요일,대전광역시 서구 둔산동,경상사고,0,0,1,0,차대사람 - 기타,안전운전불이행,포장 - 건조,맑음,단일로 - 기타,승용,남,23세,상해없음,보행자,남,21세,경상
3729,2020062200100019,2020년 6월 22일 01시,월요일,대전광역시 서구 도마동,중상사고,0,1,0,0,차대사람 - 기타,안전운전불이행,포장 - 건조,맑음,단일로 - 기타,승용,남,33세,상해없음,보행자,남,34세,중상
3730,2020062200100183,2020년 6월 22일 09시,월요일,대전광역시 동구 효동,중상사고,0,1,0,0,차대사람 - 기타,안전운전불이행,포장 - 건조,맑음,단일로 - 기타,승용,여,66세,상해없음,보행자,여,58세,중상
3731,2020062200100308,2020년 6월 22일 12시,월요일,대전광역시 중구 선화동,중상사고,0,1,0,0,차대사람 - 기타,보행자보호의무위반,포장 - 건조,맑음,교차로 - 교차로안,승용,여,58세,상해없음,보행자,남,59세,중상
3732,2020062200100643,2020년 6월 22일 19시,월요일,대전광역시 동구 낭월동,경상사고,0,0,1,0,차대사람 - 기타,기타,포장 - 건조,맑음,교차로 - 교차로부근,승합,남,56세,상해없음,보행자,여,59세,경상
3733,2020062200100740,2020년 6월 22일 23시,월요일,대전광역시 서구 도마동,중상사고,0,1,0,0,차대사람 - 기타,안전운전불이행,포장 - 건조,맑음,교차로 - 교차로부근,승용,남,57세,상해없음,보행자,여,49세,중상
3734,2020062300100030,2020년 6월 23일 02시,화요일,대전광역시 중구 유천동,경상사고,0,0,1,0,차대사람 - 차도통행중,안전운전불이행,포장 - 건조,맑음,교차로 - 교차로안,승용,남,23세,상해없음,보행자,남,16세,경상
3735,2020062300100487,2020년 6월 23일 17시,화요일,대전광역시 대덕구 석봉동,사망사고,1,0,0,0,차대사람 - 횡단중,안전운전불이행,포장 - 건조,맑음,교차로 - 교차로안,화물,남,60세,기타불명,보행자,여,63세,사망
3736,2020062300100548,2020년 6월 23일 18시,화요일,대전광역시 서구 탄방동,경상사고,0,0,1,0,차대사람 - 횡단중,안전운전불이행,포장 - 건조,맑음,교차로 - 교차로안,승용,남,42세,상해없음,보행자,여,21세,경상
3737,2020062400100132,2020년 6월 24일 08시,수요일,대전광역시 동구 신흥동,경상사고,0,0,1,0,차대사람 - 횡단중,신호위반,포장 - 건조,맑음,교차로 - 교차로횡단보도내,승용,남,42세,상해없음,보행자,여,31세,경상
3738,2020062400100322,2020년 6월 24일 14시,수요일,대전광역시 중구 은행동,경상사고,0,0,1,0,차대사람 - 횡단중,보행자보호의무위반,포장 - 건조,맑음,교차로 - 교차로횡단보도내,승용,남,19세,상해없음,보행자,여,56세,경상
3739,2020062400100540,2020년 6월 24일 19시,수요일,대전광역시 동구 대동,경상사고,0,0,1,0,차대사람 - 기타,안전운전불이행,포장 - 젖음/습기,비,단일로 - 기타,승용,남,41세,상해없음,보행자,남,51세,경상
3740,2020062400100581,2020년 6월 24일 20시,수요일,대전광역시 서구 가수원동,경상사고,0,0,1,0,차대사람 - 기타,보행자보호의무위반,포장 - 젖음/습기,비,교차로 - 교차로횡단보도내,이륜,남,30세,기타불명,보행자,여,14세,경상
3741,2020062500100205,2020년 6월 25일 10시,목요일,대전광역시 동구 성남동,중상사고,0,1,0,0,차대사람 - 기타,교차로운행방법위반,포장 - 건조,맑음,교차로 - 교차로부근,승용,여,57세,상해없음,보행자,남,82세,중상
3742,2020062500100520,2020년 6월 25일 20시,목요일,대전광역시 서구 도마동,경상사고,0,0,1,0,차대사람 - 기타,안전운전불이행,포장 - 건조,맑음,단일로 - 기타,승용,남,47세,기타불명,보행자,남,22세,경상
3743,2020062500100561,2020년 6월 25일 21시,목요일,대전광역시 서구 관저동,사망사고,1,0,1,0,차대사람 - 기타,안전운전불이행,포장 - 젖음/습기,비,단일로 - 기타,승용,남,52세,경상,보행자,여,90세,사망
3744,2020062500100562,2020년 6월 25일 21시,목요일,대전광역시 서구 관저동,경상사고,0,0,1,0,차대사람 - 기타,신호위반,포장 - 젖음/습기,비,교차로 - 교차로횡단보도내,승용,남,61세,상해없음,보행자,남,48세,경상
3745,2020062600100064,2020년 6월 26일 04시,금요일,대전광역시 서구 둔산동,경상사고,0,0,1,0,차대사람 - 기타,안전운전불이행,포장 - 젖음/습기,흐림,단일로 - 기타,승용,남,52세,상해없음,보행자,여,35세,경상
3746,2020062600100343,2020년 6월 26일 14시,금요일,대전광역시 중구 옥계동,중상사고,0,1,0,0,차대사람 - 차도통행중,안전운전불이행,포장 - 건조,맑음,단일로 - 기타,승용,남,57세,상해없음,보행자,여,47세,중상
3747,2020062600100345,2020년 6월 26일 14시,금요일,대전광역시 유성구 어은동,중상사고,0,1,0,0,차대사람 - 기타,안전운전불이행,포장 - 건조,맑음,단일로 - 기타,자전거,남,9세,상해없음,보행자,여,65세,중상
3748,2020062800100052,2020년 6월 28일 03시,일요일,대전광역시 서구 둔산동,경상사고,0,0,1,0,차대사람 - 길가장자리구역통행중,안전운전불이행,포장 - 건조,맑음,단일로 - 기타,승용,남,35세,상해없음,보행자,남,20세,경상
3749,2020062800100053,2020년 6월 28일 03시,일요일,대전광역시 서구 둔산동,경상사고,0,0,1,0,차대사람 - 기타,안전운전불이행,포장 - 건조,맑음,단일로 - 기타,승용,남,66세,상해없음,보행자,여,22세,경상
3750,2020062800100073,2020년 6월 28일 05시,일요일,대전광역시 서구 둔산동,경상사고,0,0,1,0,차대사람 - 횡단중,안전운전불이행,포장 - 건조,맑음,단일로 - 기타,승용,남,40세,상해없음,보행자,남,29세,경상
3751,2020062900100266,2020년 6월 29일 13시,월요일,대전광역시 서구 둔산동,중상사고,0,1,0,0,차대사람 - 기타,안전운전불이행,포장 - 건조,흐림,교차로 - 교차로부근,기타불명,기타불명,미분류,기타불명,보행자,남,45세,중상
3752,2020062900100469,2020년 6월 29일 18시,월요일,대전광역시 유성구 용산동,중상사고,0,1,0,0,차대사람 - 횡단중,보행자보호의무위반,포장 - 젖음/습기,비,단일로 - 기타,승용,남,50세,상해없음,보행자,여,45세,중상
3753,2020063000100036,2020년 6월 30일 01시,화요일,대전광역시 서구 괴정동,경상사고,0,0,1,0,차대사람 - 횡단중,안전운전불이행,포장 - 건조,맑음,교차로 - 교차로횡단보도내,승용,남,42세,상해없음,보행자,남,49세,경상
3754,2020063000100455,2020년 6월 30일 18시,화요일,대전광역시 중구 대흥동,경상사고,0,0,1,0,차대사람 - 횡단중,안전운전불이행,포장 - 젖음/습기,비,단일로 - 기타,원동기,남,19세,상해없음,보행자,여,36세,경상
3755,2020070100100016,2020년 7월 1일 00시,수요일,대전광역시 서구 둔산동,경상사고,0,0,2,0,차대사람 - 횡단중,안전운전불이행,포장 - 젖음/습기,비,교차로 - 교차로횡단보도내,승용,남,61세,상해없음,보행자,남,51세,경상
3756,2020070100100026,2020년 7월 1일 01시,수요일,대전광역시 대덕구 중리동,경상사고,0,0,1,0,차대사람 - 횡단중,안전운전불이행,포장 - 젖음/습기,비,교차로 - 교차로안,승용,여,40세,상해없음,보행자,남,15세,경상
3757,2020070100100126,2020년 7월 1일 08시,수요일,대전광역시 동구 신흥동,중상사고,0,1,0,0,차대사람 - 횡단중,안전운전불이행,포장 - 건조,맑음,교차로 - 교차로횡단보도내,승용,여,28세,상해없음,보행자,여,79세,중상
3758,2020070100100276,2020년 7월 1일 13시,수요일,대전광역시 중구 사정동,경상사고,0,0,1,0,차대사람 - 기타,신호위반,포장 - 건조,맑음,교차로 - 교차로안,승용,여,52세,상해없음,보행자,여,64세,경상
3759,2020070100100329,2020년 7월 1일 15시,수요일,대전광역시 유성구 장대동,경상사고,0,0,1,0,차대사람 - 기타,안전운전불이행,포장 - 건조,맑음,단일로 - 기타,승용,여,23세,상해없음,보행자,남,23세,경상
3760,2020070100100396,2020년 7월 1일 17시,수요일,대전광역시 중구 문화동,중상사고,0,1,0,0,차대사람 - 기타,안전운전불이행,포장 - 건조,맑음,교차로 - 교차로안,승용,남,61세,상해없음,보행자,남,8세,중상
3761,2020070100100397,2020년 7월 1일 17시,수요일,대전광역시 서구 도안동,경상사고,0,0,1,0,차대사람 - 횡단중,보행자보호의무위반,포장 - 건조,맑음,교차로 - 교차로횡단보도내,승용,남,34세,상해없음,보행자,여,71세,경상
3762,2020070100100453,2020년 7월 1일 18시,수요일,대전광역시 서구 복수동,경상사고,0,0,1,0,차대사람 - 보도통행중,보행자보호의무위반,포장 - 건조,맑음,교차로 - 교차로횡단보도내,기타불명,기타불명,미분류,기타불명,보행자,남,24세,경상
3763,2020070100100454,2020년 7월 1일 18시,수요일,대전광역시 대덕구 비래동,경상사고,0,0,1,0,차대사람 - 횡단중,보행자보호의무위반,포장 - 건조,맑음,단일로 - 기타,승용,남,56세,기타불명,보행자,남,13세,경상
3764,2020070100100585,2020년 7월 1일 23시,수요일,대전광역시 서구 갈마동,경상사고,0,0,1,0,차대사람 - 길가장자리구역통행중,안전운전불이행,포장 - 건조,맑음,단일로 - 기타,승용,여,50세,상해없음,보행자,남,27세,경상
3765,2020070200100085,2020년 7월 2일 07시,목요일,대전광역시 대덕구 법동,경상사고,0,0,1,0,차대사람 - 기타,안전운전불이행,포장 - 건조,맑음,단일로 - 기타,승용,남,61세,상해없음,보행자,여,63세,경상
3766,2020070200100127,2020년 7월 2일 08시,목요일,대전광역시 중구 문화동,중상사고,0,1,0,0,차대사람 - 기타,안전운전불이행,포장 - 건조,맑음,단일로 - 기타,승용,여,73세,상해없음,보행자,남,66세,중상
3767,2020070200100546,2020년 7월 2일 20시,목요일,대전광역시 서구 도안동,경상사고,0,0,1,0,차대사람 - 기타,안전운전불이행,포장 - 건조,맑음,주차장 - 주차장,승용,여,22세,상해없음,보행자,여,56세,경상
3768,2020070300100199,2020년 7월 3일 10시,금요일,대전광역시 중구 은행동,경상사고,0,0,1,0,차대사람 - 보도통행중,기타,포장 - 건조,맑음,단일로 - 기타,기타불명,여,66세,상해없음,보행자,남,22세,경상
3769,2020070300100293,2020년 7월 3일 13시,금요일,대전광역시 유성구 궁동,중상사고,0,1,0,0,차대사람 - 횡단중,안전운전불이행,포장 - 건조,맑음,교차로 - 교차로부근,승용,여,20세,상해없음,보행자,여,66세,중상
3770,2020070300100400,2020년 7월 3일 16시,금요일,대전광역시 서구 복수동,중상사고,0,1,0,0,차대사람 - 기타,안전운전불이행,포장 - 건조,맑음,단일로 - 기타,승용,남,58세,상해없음,보행자,여,84세,중상
3771,2020070300100660,2020년 7월 3일 22시,금요일,대전광역시 중구 문화동,경상사고,0,0,1,0,차대사람 - 기타,보행자보호의무위반,포장 - 젖음/습기,비,교차로 - 교차로안,화물,남,58세,상해없음,보행자,남,25세,경상
3772,2020070300100661,2020년 7월 3일 22시,금요일,대전광역시 동구 홍도동,중상사고,0,1,1,0,차대사람 - 횡단중,안전운전불이행,포장 - 젖음/습기,비,단일로 - 기타,원동기,남,24세,중상,보행자,남,46세,경상
3773,2020070400100106,2020년 7월 4일 05시,토요일,대전광역시 서구 둔산동,경상사고,0,0,1,0,차대사람 - 기타,안전운전불이행,포장 - 건조,맑음,단일로 - 기타,승용,남,64세,상해없음,보행자,남,24세,경상
3774,2020070400100367,2020년 7월 4일 14시,토요일,대전광역시 중구 중촌동,경상사고,0,0,1,0,차대사람 - 차도통행중,안전운전불이행,포장 - 건조,맑음,교차로 - 교차로부근,승용,여,31세,상해없음,보행자,남,57세,경상
3775,2020070500100264,2020년 7월 5일 15시,일요일,대전광역시 서구 용문동,경상사고,0,0,1,0,차대사람 - 기타,안전운전불이행,포장 - 건조,맑음,교차로 - 교차로부근,기타불명,기타불명,미분류,기타불명,보행자,남,23세,경상
3776,2020070500100423,2020년 7월 5일 21시,일요일,대전광역시 유성구 관평동,중상사고,0,1,0,0,차대사람 - 기타,안전운전불이행,포장 - 건조,흐림,교차로 - 교차로안,승용,남,44세,상해없음,보행자,남,50세,중상
3777,2020070600100255,2020년 7월 6일 12시,월요일,대전광역시 동구 삼성동,경상사고,0,0,1,0,차대사람 - 기타,안전운전불이행,포장 - 건조,맑음,교차로 - 교차로안,승용,남,66세,상해없음,보행자,남,50세,경상
3778,2020070600100582,2020년 7월 6일 23시,월요일,대전광역시 서구 갈마동,경상사고,0,0,1,0,차대사람 - 기타,보행자보호의무위반,포장 - 건조,맑음,교차로 - 교차로부근,승용,남,30세,상해없음,보행자,남,38세,경상
3779,2020070700100045,2020년 7월 7일 05시,화요일,대전광역시 중구 부사동,중상사고,0,1,0,0,차대사람 - 길가장자리구역통행중,안전운전불이행,포장 - 건조,맑음,교차로 - 교차로부근,승용,여,47세,상해없음,보행자,여,52세,중상
3780,2020070700100056,2020년 7월 7일 06시,화요일,대전광역시 대덕구 오정동,경상사고,0,0,1,0,차대사람 - 길가장자리구역통행중,안전운전불이행,포장 - 건조,맑음,기타 - 기타,승용,여,71세,상해없음,보행자,남,49세,경상
3781,2020070800100010,2020년 7월 8일 00시,수요일,대전광역시 유성구 도룡동,사망사고,1,0,0,0,차대사람 - 횡단중,보행자보호의무위반,포장 - 건조,맑음,단일로 - 기타,승용,남,32세,상해없음,보행자,여,51세,사망
3782,2020070800100363,2020년 7월 8일 15시,수요일,대전광역시 서구 용문동,중상사고,0,1,0,0,차대사람 - 횡단중,안전운전불이행,포장 - 건조,맑음,기타 - 기타,승용,여,31세,기타불명,보행자,여,78세,중상
3783,2020070800100506,2020년 7월 8일 18시,수요일,대전광역시 서구 월평동,경상사고,0,0,1,0,차대사람 - 길가장자리구역통행중,교차로운행방법위반,포장 - 건조,맑음,교차로 - 교차로안,승용,여,32세,상해없음,보행자,남,61세,경상
3784,2020070900100233,2020년 7월 9일 11시,목요일,대전광역시 대덕구 신탄진동,경상사고,0,0,1,0,차대사람 - 기타,안전운전불이행,포장 - 건조,맑음,단일로 - 기타,승용,남,79세,기타불명,보행자,남,78세,경상